{
  "calibration_values": [
    66.1363636364,
    45.4545454545,
    75.4545454545,
    43.6363636364
  ],
  "tare_values": [
    -423.8144876325088,
    0.0,
    0.0,
    -50.562720848056536
  ],
  "timestamp": 1756262920.4902022,
  "is_calibrated": true,
  "is_tared": true
}